<?xml version="1.0" encoding="ISO-8859-1"?>
<eml:eml xmlns:eml="eml://ecoinformatics.org/eml-2.1.1" xmlns:dc="http://purl.org/dc/terms/" xmlns:xsi="http://www.w3.org/2001/XMLSchema-instance" xsi:schemaLocation="eml://ecoinformatics.org/eml-2.1.1 http://rs.gbif.org/schema/eml-gbif-profile/1.0.1/eml.xsd" packageId="af40c9aa-0b7a-4315-8224-19da9531db3c" system="https://symbiota.org" scope="system" xml:lang="eng"><dataset><alternateIdentifier>https://library.big-bee.net/portal/collections/misc/collprofiles.php?collid=6</alternateIdentifier><title xml:lang="eng">University of California Santa Barbara Invertebrate Zoology Collection</title><creator id="eee23760-e01a-4f79-97c3-cf9f4cb0876b"><organizationName>Bee Library</organizationName><electronicMailAddress>seltmann@ucsb.edu</electronicMailAddress><onlineUrl>https://library.big-bee.net/portal/index.php</onlineUrl></creator><metadataProvider><organizationName>Bee Library</organizationName><electronicMailAddress>seltmann@ucsb.edu</electronicMailAddress><onlineUrl>https://library.big-bee.net/portal/index.php</onlineUrl></metadataProvider><pubDate>2023-01-24</pubDate><language>eng</language><abstract><para>The UC Santa Barbara Invertebrate Zoology collection began in 2016 when Cheadle Center Director, Katja Seltmann started at UCSB. The majority of the specimens are recent (since 2016) but many from the 1950s are included in an entomology teaching collection that was at UCSB during this time. In 1960, Dr. Adrian Wenner arrived at UCSB and added a small personal collection of families not represented in the collection. The collection continues to grow through voluntary donations of arthropods collected by students for class projects, accessions from the UCSB Natural Reserve System, and research projects at UCSB and the&amp;nbsp;Cheadle Center Ecological Restoration. The majority of the specimens are insects from UC Santa Barbara and the surrounding area and the collection strength is in Hymenoptera. This collection is a snapshot of an external collection database where only the Bee (Apoidea:Anthophila) records are included. All data and images in this collection are under CC0 1.0 (Public-domain) license.</para></abstract><contact><organizationName>University of California Santa Barbara Invertebrate Zoology Collection</organizationName><electronicMailAddress>seltmann@ucsb.edu</electronicMailAddress><userId>https://orcid.org/0000-0001-5354-6048</userId></contact><associatedParty><individualName><surName>Seltmann</surName><givenName>Katja</givenName></individualName><electronicMailAddress>seltmann@ucsb.edu</electronicMailAddress><positionName>Director</positionName><userId>https://orcid.org/0000-0001-5354-6048</userId><role>contentProvider</role></associatedParty><intellectualRights><para>To the extent possible under law, the publisher has waived all rights to these data and has dedicated them to the <ulink url="http://creativecommons.org/publicdomain/zero/1.0/"><citetitle></citetitle></ulink></para></intellectualRights></dataset><additionalMetadata><metadata><symbiota id="eee23760-e01a-4f79-97c3-cf9f4cb0876b"><dateStamp>2023-01-24T15:40:45-07:00</dateStamp><citation identifier="398e619e-7aa9-40f3-b6c1-3fe9d2cee751">Bee Library - 398e619e-7aa9-40f3-b6c1-3fe9d2cee751</citation><physical><characterEncoding>ISO-8859-1</characterEncoding><dataFormat><externallyDefinedFormat><formatName>Darwin Core Archive</formatName></externallyDefinedFormat></dataFormat></physical><collection identifier="eb6b0b8b-ec21-488a-8e44-3459e3bdce53" id="6"><alternateIdentifier>https://library.big-bee.net/portal/collections/misc/collprofiles.php?collid=6</alternateIdentifier><parentCollectionIdentifier>UCSB</parentCollectionIdentifier><collectionIdentifier>IZC</collectionIdentifier><collectionName>University of California Santa Barbara Invertebrate Zoology Collection</collectionName><resourceLogoUrl>https://library.big-bee.net/portal/content/collicon/ucsbizc.png</resourceLogoUrl><onlineUrl></onlineUrl><intellectualRights>http://creativecommons.org/publicdomain/zero/1.0/</intellectualRights><associatedParty><individualName><surName>Seltmann</surName><givenName>Katja</givenName></individualName><electronicMailAddress>seltmann@ucsb.edu</electronicMailAddress><positionName>Director</positionName><userId>https://orcid.org/0000-0001-5354-6048</userId></associatedParty><abstract><para>&lt;p&gt;&lt;span style="font-size: 10pt; font-family: Arial;" data-sheets-value="{" data-sheets-userformat="{"&gt;&lt;span style="color: #3d3d3d; font-family: Geneva, sans-serif; font-size: 13px; background-color: #ffffff;"&gt;The UC Santa Barbara Invertebrate Zoology collection began in 2016 when Cheadle Center Director, Katja Seltmann started at UCSB. The majority of the specimens are recent (since 2016) but many from the 1950s are included in an entomology teaching collection that was at UCSB during this time. &lt;/span&gt;&lt;/span&gt;&lt;span style="color: #3d3d3d; font-family: Geneva, sans-serif; font-size: 13px; background-color: #ffffff;"&gt;In 1960, Dr. Adrian Wenner arrived at UCSB and added a small personal collection of families not represented in the collection. The collection continues to grow through voluntary donations of arthropods collected by students for class projects, accessions from the &lt;/span&gt;&lt;a style="color: #034d50; font-family: Geneva, sans-serif; font-size: 13px; background-color: #ffffff;" href="http://nrs.ucsb.edu/"&gt;UCSB Natural Reserve System&lt;/a&gt;&lt;span style="color: #3d3d3d; font-family: Geneva, sans-serif; font-size: 13px; background-color: #ffffff;"&gt;, and research projects at UCSB and the&amp;nbsp;&lt;/span&gt;&lt;a style="color: #034d50; font-family: Geneva, sans-serif; font-size: 13px; background-color: #ffffff;" href="https://ccber.ucsb.edu/ecosystem"&gt;Cheadle Center Ecological Restoration&lt;/a&gt;&lt;span style="color: #3d3d3d; font-family: Geneva, sans-serif; font-size: 13px; background-color: #ffffff;"&gt;. The majority of the specimens are insects from UC Santa Barbara and the surrounding area and the collection strength is in Hymenoptera. &lt;/span&gt;&lt;span style="font-family: Arial; font-size: 10pt;"&gt;This collection is a snapshot of an external collection database where only the Bee (Apoidea:Anthophila) records are included. All data and images in this collection are under CC0 1.0 (Public-domain) license.&lt;/span&gt;&lt;/p&gt;</para></abstract></collection></symbiota></metadata></additionalMetadata></eml:eml>
